parserId,uses
BlobParser,16911
blankLineParser,15329
catchAllParagraphParser,6225
scrollImportedParser,2349
slashCommentParser,1949
quickLinkParser,1555
scrollBrParser,1068
h1Parser,829
scrollDinkusParser,800
cssParser,722
quickCssParser,692
editButtonParser,684
listAftertextParser,582
lineOfCodeParser,549
cssLineParser,418
chatLineParser,408
scrollCenterParser,381
aftertextClassParser,372
authorsParser,355
endColumnsParser,354
baseUrlParser,351
buildHtmlParser,350
metaTagsParser,350
editBaseUrlParser,349
rssFeedUrlParser,349
printTitleParser,346
scrollTitleParser,346
homeButtonParser,345
scrollFontParser,345
buildTxtParser,344
scrollLeftRightButtonsParser,344
scrollVersionLinkParser,339
emailButtonParser,339
theScrollButtonParser,339
scrollClearStackParser,338
keyboardNavParser,338
scrollTagsParser,321
scrollDateParser,313
endOfPostDinkusParser,297
scrollContainerParser,254
quickImageParser,240
datelineParser,223
h2Parser,205
orderedListAftertextParser,200
sceneCommentParser,199
scriptLineParser,171
quickRelativeLinkParser,160
topRankParser,154
topLanguageParser,154
homepageParser,154
idParser,154
endSnippetParser,143
captionAftertextParser,123
quoteLineParser,114
scrollQuestionParser,100
printAuthorsParser,84
footnoteDefinitionParser,80
printDateParser,71
katexParser,70
otherLanguagesParser,68
quickQuoteParser,68
printRelatedParser,66
h3Parser,46
codeParser,45
scrollLinkParser,44
mediumColumnsParser,42
openGraphImageParser,38
printTableParser,38
htmlLineParser,37
scrollTableDataParser,34
scrollTableParser,34
thinColumnsParser,32
quickParagraphParser,31
openGraphParser,30
scrollTableDelimiterParser,27
replaceParser,26
openGraphDescriptionParser,24
htmlInlineParser,24
scrollNavParser,23
scrollLinkTitleParser,22
quoteParser,19
printSnippetsParser,17
aftertextRightParser,17
scrollChatParser,14
h4Parser,14
importOnlyParser,13
extendsParserParser,12
parserDefinitionParser,12
aftertextStyleParser,11
codeWithLanguageParser,11
addClassMarkupParser,9
permalinkParser,9
italicsParser,9
lineOfTextParser,8
hoverNoteParser,8
quickScriptParser,8
codeWithHeaderParser,8
visibleSinceDefParser,7
sourceDefParser,7
diameterDefParser,7
microverseDefParser,7
nameDefParser,7
parsersCueParser,7
horizontalRuleParser,7
quizParser,6
aftertextIdParser,6
wideColumnsParser,6
scrollThemeParser,6
feedbackParser,5
parsersFloatParser,5
parserDescriptionParser,5
quickVideoParser,5
plainTextLineParser,5
redirectToParser,4
widthParser,4
plainTextOnlyParser,4
tableSearchParser,4
parsersBooleanParser,3
commentParser,3
scrollOrderByParser,3
scrollPostsMetaParser,3
printFullSnippetsParser,3
afterTextCenterParser,3
htmlParser,3
quickTableParser,3
boldParser,3
buildCsvParser,2
printUsageStatsParser,2
youtubeParser,2
useParserPoolParser,2
scrollCounterParser,2
heatrixParser,2
scrollTransposeParser,2
scrollImputeParser,2
scrollGroupByParser,2
linkTargetParser,2
expanderParser,2
aboveAsCodeParser,2
editLinkParser,1
scrollDashboardParser,1
htmlAParser,1
slideshowParser,1
parsersStringParser,1
printSourceParser,1
printSiteMapParser,1
printShortSnippetsParser,1
scrollUnselectParser,1
scrollPostsParser,1
openGraphKeywordsParser,1
buildTsvParser,1
buildJsonParser,1
printColumnParser,1
scrollComposeParser,1
scrollLimitParser,1
scrollWhereParser,1
scriptParser,1
sortByParser,1
buildConceptsParser,1
copyButtonsParser,1
youTubeParser,1
scrollConceptsParser,1
customDinkusParser,1
emailLinkParser,1
scrollAutoplayParser,1
scrollMediaLoopParser,1
printFeedParser,1
buildRssParser,1
inlineMarkupsParser,1
inlineMarkupsOnParser,1
underlineParser,1
aftertextStrikeParser,1
helpfulNotFoundParser,1